PEX3 percentage,Exhaustion_score
0.17,1.004034
0.269547325,0.971981
0.166666667,0.9796776
0.1875,0.7674876
0.193548387,0.7987707
0,0.2267365
0.138686131,1.264651
0.142857143,0.4629488
0.108695652,0.9628123
0.115384615,0.2210488
0.083333333,0.8566569
0.080645161,0.8960028
0,0.4631035
0.056603774,0.6606784
0.245901639,1.111244
0.207100592,0.8985236
